accuracy,macro_f1,macro_precision,macro_recall
0.9983136593591906,0.9370755517826825,0.9991518235793044,0.8888888888888888