feature,psi_score
amt,0.00362629776245168
lat,0.0031456935916252646
long,0.004896517400781303
city_pop,0.004303912959211208
merch_lat,0.003642893003189868
merch_long,0.004018468737998856
