mean_fit_time,std_fit_time,mean_score_time,std_score_time,param_max_depth,param_n_estimators,params,split0_test_score,split1_test_score,mean_test_score,std_test_score,rank_test_score
0.09035229682922363,0.002906322479248047,0.012423872947692871,0.0002378225326538086,3,10,"{'max_depth': 3, 'n_estimators': 10}",0.5,0.48,0.49,0.010000000000000009,9
0.33961212635040283,0.0022219419479370117,0.025271892547607422,0.003613710403442383,3,50,"{'max_depth': 3, 'n_estimators': 50}",0.58,0.6,0.59,0.010000000000000009,1
0.6116964817047119,0.0021147727966308594,0.02945864200592041,0.001422286033630371,3,100,"{'max_depth': 3, 'n_estimators': 100}",0.54,0.58,0.56,0.019999999999999962,4
0.08156228065490723,0.0003437995910644531,0.01282644271850586,0.0002307891845703125,5,10,"{'max_depth': 5, 'n_estimators': 10}",0.5,0.56,0.53,0.030000000000000027,6
0.31085777282714844,0.005898475646972656,0.021074652671813965,0.0010181665420532227,5,50,"{'max_depth': 5, 'n_estimators': 50}",0.52,0.64,0.5800000000000001,0.06,2
0.48300445079803467,0.006039261817932129,0.01739060878753662,0.0006340742111206055,5,100,"{'max_depth': 5, 'n_estimators': 100}",0.5,0.56,0.53,0.030000000000000027,6
0.08715152740478516,0.0012712478637695312,0.010855317115783691,0.0012286901473999023,10,10,"{'max_depth': 10, 'n_estimators': 10}",0.5,0.52,0.51,0.010000000000000009,8
0.29624807834625244,0.006259799003601074,0.015265822410583496,0.003942608833312988,10,50,"{'max_depth': 10, 'n_estimators': 50}",0.54,0.6,0.5700000000000001,0.02999999999999997,3
0.545316219329834,0.0003590583801269531,0.015894412994384766,0.0032575130462646484,10,100,"{'max_depth': 10, 'n_estimators': 100}",0.56,0.56,0.56,0.0,4
